id,strategy_id,action,tournament_id,card_name,product_id,price,quantity,predicted_change_pct,reason,cash_before,cash_after,created_at
30841,7d,BUY,3605,Lacrima the Crimson Tears,584257,11.14,50,30.3978,,50000.00,49443.00,2026-04-15 16:02:07.569975
30845,7d,SELL,3605,Lacrima the Crimson Tears,584257,10.51,50,30.3978,expired at $10.51,49443.00,49883.87,2026-04-15 16:02:07.625054
30846,7d,SKIP,3701,,,,,,no weekend signals,49883.87,49883.87,2026-04-15 16:02:07.714
30850,7d,SKIP,3722,,,,,,no weekend signals,49883.87,49883.87,2026-04-15 16:09:09.865734
30854,7d,SKIP,3755,,,,,,no weekend signals,49883.87,49883.87,2026-04-15 16:11:08.036851
30859,7d,SKIP,3838,,,,,,no weekend signals,49883.87,49883.87,2026-04-15 16:16:12.728239
30863,7d,SKIP,3775,,,,,,no weekend signals,49883.87,49883.87,2026-04-15 16:23:20.046314
30867,7d,BUY,3904,Mulcharmy Purulia,558189,19.31,34,31.1656,,49883.87,49227.35,2026-04-15 16:27:03.209829
30868,7d,BUY,3904,Dominus Spiral,654314,9.84,50,30.0641,,49227.35,48735.35,2026-04-15 16:27:03.210869
30875,7d,SELL,3904,Mulcharmy Purulia,558189,19.93,34,31.1656,model sell p=0.58 on 2025-12-01,48735.35,49312.99,2026-04-15 16:30:27.931159
30876,7d,SELL,3904,Dominus Spiral,654314,9.88,50,30.0641,model sell p=0.54 on 2025-12-01,49312.99,49726.53,2026-04-15 16:30:27.93272
30878,7d,BUY,3517,Mitsurugi Ritual,610922,17.05,50,36.5597,,49726.53,48873.85,2026-04-15 16:32:24.804159
30882,7d,SELL,3517,Mitsurugi Ritual,610922,16.76,50,36.5597,expired at $16.76,48873.85,49585.81,2026-04-15 16:32:24.851626
30883,7d,SKIP,3976,,,,,,no weekend signals,49585.81,49585.81,2026-04-15 16:32:24.965628
30887,7d,BUY,4019,Dracotail Faimena,645207,8.18,50,42.1186,,49585.81,49176.86,2026-04-15 16:40:20.934063
30891,7d,SELL,4019,Dracotail Faimena,645207,8.19,50,42.1186,expired at $8.19,49176.86,49517.10,2026-04-15 16:40:21.019516
30892,7d,SKIP,4032,,,,,,no weekend signals,49517.10,49517.10,2026-04-15 16:40:21.24702
39628,30d,SKIP,2185,,,,,,no weekend signals,50000.00,50000.00,2026-04-26 21:53:41.91609
39630,90d,SKIP,2185,,,,,,no weekend signals,50000.00,50000.00,2026-04-26 21:53:41.927086
30899,7d,BUY,4060,Kashtira Fenrir,514784,9.27,50,34.7166,,49517.10,49053.60,2026-04-15 16:48:45.244632
39632,30d,SKIP,2206,,,,,,no weekend signals,50000.00,50000.00,2026-04-26 22:02:31.328414
30903,7d,SELL,4060,Kashtira Fenrir,514784,8.96,50,34.7166,model sell p=0.54 on 2026-01-05,49053.60,49427.24,2026-04-15 16:48:45.296202
39634,90d,SKIP,2206,,,,,,no weekend signals,50000.00,50000.00,2026-04-26 22:02:31.329699
30905,7d,BUY,4083,Enneacraft - Atori.MAR,665431,13.51,50,31.5030,,49427.24,48751.74,2026-04-15 16:50:39.324762
30906,7d,BUY,4083,Lunalight Gold Leo,639342,9.96,50,30.1291,,48751.74,48253.74,2026-04-15 16:50:39.325885
39636,30d,SKIP,2227,,,,,,no weekend signals,50000.00,50000.00,2026-04-26 22:04:35.986085
39638,90d,SKIP,2227,,,,,,no weekend signals,50000.00,50000.00,2026-04-26 22:04:35.986623
30913,7d,SELL,4083,Enneacraft - Atori.MAR,665431,15.88,50,31.5030,model sell p=0.75 on 2026-01-12,48253.74,48927.53,2026-04-15 16:54:26.787961
30914,7d,SELL,4083,Lunalight Gold Leo,639342,9.89,50,30.1291,model sell p=0.59 on 2026-01-12,48927.53,49341.51,2026-04-15 16:54:26.78923
39640,30d,BUY,2252,Divine Arsenal AA-ZEUS - Sky Thunder,226197,12.21,169,18.7685,,50000.00,47936.51,2026-04-26 22:15:53.746708
30919,7d,SKIP,4191,,,,,,no weekend signals,49341.51,49341.51,2026-04-15 16:54:27.246566
39642,90d,BUY,2252,Divine Arsenal AA-ZEUS - Sky Thunder,226197,12.21,169,18.7685,,50000.00,47936.51,2026-04-26 22:15:53.752998
39644,30d,BUY,2263,Diabellstar the Black Witch,520384,24.10,55,22.3496,,47936.51,46611.12,2026-04-26 22:18:05.351435
39646,90d,BUY,2263,Diabellstar the Black Witch,520384,24.10,55,22.3496,,47936.51,46611.12,2026-04-26 22:18:05.457551
30929,7d,BUY,4184,Elfnote Lucina,674742,19.85,35,31.4366,,49341.51,48646.76,2026-04-15 16:58:13.868159
30930,7d,BUY,4184,Kewl Tune Cue,665452,9.12,50,30.6286,,48646.76,48190.76,2026-04-15 16:58:13.869611
39648,30d,BUY,2299,Emblema Oath,526983,14.11,200,19.0677,,46611.12,43789.00,2026-04-26 22:27:25.066785
39650,90d,BUY,2299,Emblema Oath,526983,14.11,200,19.0677,,46611.12,43789.00,2026-04-26 22:27:25.071429
30937,7d,SELL,4184,Elfnote Lucina,674742,38.90,35,31.4366,model sell p=0.56 on 2026-02-03,48190.76,49361.36,2026-04-15 17:02:21.030456
30938,7d,SELL,4184,Kewl Tune Cue,665452,8.67,50,30.6286,expired at $8.67,49361.36,49722.42,2026-04-15 17:02:21.031742
39652,30d,SKIP,2323,,,,,,no weekend signals,43789.00,43789.00,2026-04-26 22:27:25.073628
30942,7d,BUY,4220,Sky Striker Ace = Zero,639386,20.31,47,32.7163,,49722.42,48767.85,2026-04-15 17:04:26.124124
30943,7d,BUY,4220,Mitsurugi Ritual,610922,12.38,50,31.1575,,48767.85,48148.87,2026-04-15 17:04:26.124902
39654,90d,SKIP,2323,,,,,,no weekend signals,43789.00,43789.00,2026-04-26 22:27:25.170833
39656,30d,SELL,2299,Emblema Oath,526983,21.45,200,19.0677,model sell p=1.00,43789.00,47450.58,2026-04-26 22:36:17.371882
30948,7d,SELL,4220,Sky Striker Ace = Zero,639386,20.41,47,32.7163,model sell p=0.55 on 2026-02-16,48148.87,48966.94,2026-04-15 17:04:26.174274
30949,7d,SELL,4220,Mitsurugi Ritual,610922,12.15,50,31.1575,expired at $12.15,48966.94,49478.95,2026-04-15 17:04:26.17537
30950,7d,BUY,4318,Secreterion Dragon,639374,25.21,22,35.0608,,49478.95,48924.33,2026-04-15 17:12:16.38836
39658,90d,SELL,2299,Emblema Oath,526983,21.45,200,19.0677,model sell p=1.00,43789.00,47450.58,2026-04-26 22:36:17.569014
30954,7d,SELL,4318,Secreterion Dragon,639374,24.57,22,35.0608,expired at $24.57,48924.33,49386.65,2026-04-15 17:12:16.451929
39660,30d,BUY,2363,Spiritual Beast Tamer Lara,554869,10.40,200,20.8234,,47450.58,45370.58,2026-04-26 22:38:24.198577
30960,7d,SKIP,4338,,,,,,no weekend signals,49386.65,49386.65,2026-04-15 17:12:16.840822
30967,7d,SKIP,4348,,,,,,no weekend signals,49386.65,49386.65,2026-04-15 17:19:09.572345
30972,7d,BUY,4368,Mementoal Tecuhtlica - Combined Creation,526924,12.22,50,34.8614,,49386.65,48775.65,2026-04-15 17:23:11.838307
30973,7d,BUY,4368,Apophis the Serpent,622008,10.87,50,34.5898,,48775.65,48232.15,2026-04-15 17:23:11.850704
30974,7d,BUY,4368,Mulcharmy Meowls,610840,14.65,45,30.5330,,48232.15,47572.90,2026-04-15 17:23:11.851923
30984,7d,SELL,4368,Mementoal Tecuhtlica - Combined Creation,526924,12.57,50,34.8614,expired at $12.57,47572.90,48103.12,2026-04-15 17:28:06.35566
30985,7d,SELL,4368,Apophis the Serpent,622008,11.25,50,34.5898,model sell p=0.51 on 2026-03-23,48103.12,48576.09,2026-04-15 17:28:06.357068
30986,7d,SELL,4368,Mulcharmy Meowls,610840,14.65,45,30.5330,model sell p=0.62 on 2026-03-23,48576.09,49134.49,2026-04-15 17:28:06.358311
30989,7d,BUY,4402,Lunalight Gold Leo,639342,8.44,50,31.5850,,49134.49,48712.49,2026-04-15 17:30:03.065011
30990,7d,BUY,4402,"Shiina, Twin Tempests of Celestial Thunder",675338,10.99,50,31.7679,,48712.49,48162.87,2026-04-15 17:30:03.066501
30997,7d,SELL,4402,Lunalight Gold Leo,639342,8.29,50,31.5850,model sell p=0.51 on 2026-03-24,48162.87,48507.45,2026-04-15 17:30:03.136967
30998,7d,SELL,4402,"Shiina, Twin Tempests of Celestial Thunder",675338,11.01,50,31.7679,expired at $11.01,48507.45,48970.01,2026-04-15 17:30:03.138147
39662,90d,BUY,2363,Spiritual Beast Tamer Lara,554869,10.40,200,20.8234,,47450.58,45370.58,2026-04-26 22:38:24.203507
39664,30d,SELL,2252,Divine Arsenal AA-ZEUS - Sky Thunder,226197,11.42,169,18.7685,expiry,45370.58,46994.14,2026-04-26 22:38:24.315326
39629,60d,SKIP,2185,,,,,,no weekend signals,50000.00,50000.00,2026-04-26 21:53:41.926004
39631,150d,SKIP,2185,,,,,,no weekend signals,50000.00,50000.00,2026-04-26 21:53:41.928079
39633,60d,SKIP,2206,,,,,,no weekend signals,50000.00,50000.00,2026-04-26 22:02:31.329304
39635,150d,SKIP,2206,,,,,,no weekend signals,50000.00,50000.00,2026-04-26 22:02:31.329991
39637,60d,SKIP,2227,,,,,,no weekend signals,50000.00,50000.00,2026-04-26 22:04:35.986456
39639,150d,SKIP,2227,,,,,,no weekend signals,50000.00,50000.00,2026-04-26 22:04:35.986745
39641,60d,BUY,2252,Divine Arsenal AA-ZEUS - Sky Thunder,226197,12.21,169,18.7685,,50000.00,47936.51,2026-04-26 22:15:53.750113
39643,150d,BUY,2252,Divine Arsenal AA-ZEUS - Sky Thunder,226197,12.21,169,18.7685,,50000.00,47936.51,2026-04-26 22:15:53.755835
39645,60d,BUY,2263,Diabellstar the Black Witch,520384,24.10,55,22.3496,,47936.51,46611.12,2026-04-26 22:18:05.454794
39647,150d,BUY,2263,Diabellstar the Black Witch,520384,24.10,55,22.3496,,47936.51,46611.12,2026-04-26 22:18:05.459868
39649,60d,BUY,2299,Emblema Oath,526983,14.11,200,19.0677,,46611.12,43789.00,2026-04-26 22:27:25.069205
39651,150d,BUY,2299,Emblema Oath,526983,14.11,200,19.0677,,46611.12,43789.00,2026-04-26 22:27:25.073256
39653,60d,SKIP,2323,,,,,,no weekend signals,43789.00,43789.00,2026-04-26 22:27:25.126511
39655,150d,SKIP,2323,,,,,,no weekend signals,43789.00,43789.00,2026-04-26 22:27:25.213684
39657,60d,SELL,2299,Emblema Oath,526983,21.45,200,19.0677,model sell p=1.00,43789.00,47450.58,2026-04-26 22:36:17.51954
39659,150d,SELL,2299,Emblema Oath,526983,21.45,200,19.0677,model sell p=1.00,43789.00,47450.58,2026-04-26 22:36:17.617006
39661,60d,BUY,2363,Spiritual Beast Tamer Lara,554869,10.40,200,20.8234,,47450.58,45370.58,2026-04-26 22:38:24.20123
39663,150d,BUY,2363,Spiritual Beast Tamer Lara,554869,10.40,200,20.8234,,47450.58,45370.58,2026-04-26 22:38:24.205895
39665,30d,SELL,2263,Diabellstar the Black Witch,520384,14.54,55,22.3496,stop-loss -30%,46994.14,47671.38,2026-04-26 22:38:24.316907
39666,60d,SELL,2263,Diabellstar the Black Witch,520384,14.54,55,22.3496,stop-loss -30%,45370.58,46047.82,2026-04-26 22:38:24.448123
39667,90d,SELL,2263,Diabellstar the Black Witch,520384,14.54,55,22.3496,stop-loss -30%,45370.58,46047.82,2026-04-26 22:38:24.491212
39668,150d,SELL,2263,Diabellstar the Black Witch,520384,14.54,55,22.3496,stop-loss -30%,45370.58,46047.82,2026-04-26 22:38:24.537362
39669,30d,BUY,2385,Silhouhatte Rabbit,559238,18.51,98,26.3541,,47671.38,45857.84,2026-04-26 22:40:31.294381
39670,60d,BUY,2385,Silhouhatte Rabbit,559238,18.51,98,26.3541,,46047.82,44234.28,2026-04-26 22:40:31.297048
39671,90d,BUY,2385,Silhouhatte Rabbit,559238,18.51,98,26.3541,,46047.82,44234.28,2026-04-26 22:40:31.299036
39672,150d,BUY,2385,Silhouhatte Rabbit,559238,18.51,98,26.3541,,46047.82,44234.28,2026-04-26 22:40:31.300755
39673,30d,BUY,2392,Nightmare Throne,546845,12.63,166,20.4875,,45857.84,43761.26,2026-04-26 22:49:18.548496
39674,60d,BUY,2392,Nightmare Throne,546845,12.63,166,20.4875,,44234.28,42137.70,2026-04-26 22:49:18.552319
39675,90d,BUY,2392,Nightmare Throne,546845,12.63,166,20.4875,,44234.28,42137.70,2026-04-26 22:49:18.554778
39676,150d,BUY,2392,Nightmare Throne,546845,12.63,166,20.4875,,44234.28,42137.70,2026-04-26 22:49:18.557287
39677,30d,SKIP,2419,,,,,,no weekend signals,43761.26,43761.26,2026-04-26 22:49:18.557766
39678,60d,SKIP,2419,,,,,,no weekend signals,42137.70,42137.70,2026-04-26 22:49:18.597839
39679,90d,SKIP,2419,,,,,,no weekend signals,42137.70,42137.70,2026-04-26 22:49:18.65088
39680,150d,SKIP,2419,,,,,,no weekend signals,42137.70,42137.70,2026-04-26 22:49:18.696875
39681,30d,SELL,2363,Spiritual Beast Tamer Lara,554869,15.08,200,20.8234,model sell p=1.00,43761.26,46317.64,2026-04-26 22:58:19.785942
39682,60d,SELL,2363,Spiritual Beast Tamer Lara,554869,15.08,200,20.8234,model sell p=1.00,42137.70,44694.08,2026-04-26 22:58:19.842018
39683,90d,SELL,2363,Spiritual Beast Tamer Lara,554869,15.08,200,20.8234,model sell p=1.00,42137.70,44694.08,2026-04-26 22:58:19.895656
39684,150d,SELL,2363,Spiritual Beast Tamer Lara,554869,15.08,200,20.8234,model sell p=1.00,42137.70,44694.08,2026-04-26 22:58:19.944286
39685,30d,BUY,2448,Phantom of Yubel,554900,14.81,141,20.4616,,46317.64,44229.34,2026-04-26 23:00:25.425566
39686,60d,BUY,2448,Phantom of Yubel,554900,14.81,141,20.4616,,44694.08,42605.78,2026-04-26 23:00:25.429167
39687,90d,BUY,2448,Phantom of Yubel,554900,14.81,141,20.4616,,44694.08,42605.78,2026-04-26 23:00:25.432411
39688,150d,BUY,2448,Phantom of Yubel,554900,14.81,141,20.4616,,44694.08,42605.78,2026-04-26 23:00:25.435464
39689,30d,BUY,2477,Sword Ryzeal,599840,23.52,99,22.7128,,44229.34,41900.59,2026-04-26 23:02:30.239968
39690,60d,BUY,2477,Sword Ryzeal,599840,23.52,99,22.7128,,42605.78,40277.03,2026-04-26 23:02:30.242533
39691,90d,BUY,2477,Sword Ryzeal,599840,23.52,99,22.7128,,42605.78,40277.03,2026-04-26 23:02:30.24504
39692,150d,BUY,2477,Sword Ryzeal,599840,23.52,99,22.7128,,42605.78,40277.03,2026-04-26 23:02:30.247376
39693,30d,SELL,2385,Silhouhatte Rabbit,559238,16.36,98,26.3541,expiry,41900.59,43262.04,2026-04-26 23:09:42.797234
39694,60d,SELL,2252,Divine Arsenal AA-ZEUS - Sky Thunder,226197,12.43,169,18.7685,expiry,40277.03,42048.66,2026-04-26 23:09:42.92177
39695,30d,BUY,2504,S:P Little Knight,520489,13.82,152,20.8196,,43262.04,41161.14,2026-04-26 23:11:49.985032
39696,60d,BUY,2504,S:P Little Knight,520489,13.82,152,20.8196,,42048.66,39947.76,2026-04-26 23:11:49.987745
39697,90d,BUY,2504,S:P Little Knight,520489,13.82,152,20.8196,,40277.03,38176.13,2026-04-26 23:11:49.990079
39698,150d,BUY,2504,S:P Little Knight,520489,13.82,152,20.8196,,40277.03,38176.13,2026-04-26 23:11:49.992334
39699,30d,SELL,2392,Nightmare Throne,546845,14.23,166,20.4875,expiry,41161.14,43160.53,2026-04-26 23:11:50.087554
39700,30d,SELL,2448,Phantom of Yubel,554900,9.68,141,20.4616,stop-loss -30%,43160.53,44302.26,2026-04-26 23:11:50.088739
39701,30d,SELL,2477,Sword Ryzeal,599840,31.53,99,22.7128,trailing sell @ $31.53 (peak $32.11),44302.26,46980.70,2026-04-26 23:11:50.089758
31004,7d,BUY,4421,"Crowley, the Gifted Magistus",635930,8.02,50,42.1911,,48970.01,48569.21,2026-04-15 17:32:04.058692
39702,60d,SELL,2448,Phantom of Yubel,554900,9.68,141,20.4616,stop-loss -30%,39947.76,41089.49,2026-04-26 23:11:50.150888
31008,7d,SELL,4421,"Crowley, the Gifted Magistus",635930,8.51,50,42.1911,model sell p=0.62 on 2026-04-06,48569.21,48923.33,2026-04-15 17:36:03.364968
31011,7d,BUY,4464,Radiant Typhoon Swen,654231,11.23,50,31.3154,,48923.33,48361.68,2026-04-15 17:38:01.196798
39703,60d,SELL,2477,Sword Ryzeal,599840,31.53,99,22.7128,trailing sell @ $31.53 (peak $32.11),41089.49,43767.93,2026-04-26 23:11:50.152315
31015,7d,SELL,4464,Radiant Typhoon Swen,654231,11.14,50,31.3154,model sell p=0.60 on 2026-04-13,48361.68,48829.88,2026-04-15 17:38:01.248614
39704,90d,SELL,2448,Phantom of Yubel,554900,9.68,141,20.4616,stop-loss -30%,38176.13,39317.86,2026-04-26 23:11:50.33889
39705,90d,SELL,2477,Sword Ryzeal,599840,31.53,99,22.7128,trailing sell @ $31.53 (peak $32.11),39317.86,41996.30,2026-04-26 23:11:50.340542
39706,150d,SELL,2448,Phantom of Yubel,554900,9.68,141,20.4616,stop-loss -30%,38176.13,39317.86,2026-04-26 23:11:50.401577
39707,150d,SELL,2477,Sword Ryzeal,599840,31.53,99,22.7128,trailing sell @ $31.53 (peak $32.11),39317.86,41996.30,2026-04-26 23:11:50.403031
39711,150d,BUY,2518,Triple Tactics Thrust,532376,9.47,200,27.1347,,41996.30,40102.52,2026-04-26 23:13:55.535848
39716,150d,SELL,2252,Divine Arsenal AA-ZEUS - Sky Thunder,226197,15.93,169,18.7685,75-day time exit,40102.52,42387.28,2026-04-26 23:21:24.423151
39717,150d,SELL,2504,S:P Little Knight,520489,20.09,152,20.8196,model sell p=1.00,42387.28,44990.75,2026-04-26 23:21:24.425255
39722,150d,SKIP,2631,,,,,,no weekend signals,44990.75,44990.75,2026-04-26 23:23:29.399882
39726,150d,SELL,2392,Nightmare Throne,546845,16.07,166,20.4875,model sell p=1.00,44990.75,47255.11,2026-04-26 23:43:52.074197
39730,150d,SKIP,2624,,,,,,no weekend signals,47255.11,47255.11,2026-04-26 23:45:57.206904
39734,150d,SELL,2385,Silhouhatte Rabbit,559238,15.84,98,26.3541,75-day time exit,47255.11,48572.35,2026-04-26 23:45:57.842303
39735,150d,SELL,2518,Triple Tactics Thrust,532376,16.62,200,27.1347,model sell p=0.99,48572.35,51395.92,2026-04-26 23:45:57.990407
39739,150d,SKIP,2684,,,,,,no weekend signals,51395.92,51395.92,2026-04-26 23:48:04.136516
39743,150d,SKIP,2710,,,,,,no weekend signals,51395.92,51395.92,2026-04-26 23:55:03.084541
39747,150d,BUY,2723,Salamangreat Raging Phoenix,509822,13.13,200,19.8088,,51395.92,48769.92,2026-04-26 23:59:12.125085
39708,30d,BUY,2518,Triple Tactics Thrust,532376,9.47,200,27.1347,,46980.70,45086.92,2026-04-26 23:13:55.526455
39712,30d,SELL,2504,S:P Little Knight,520489,20.09,152,20.8196,model sell p=1.00,45086.92,47690.39,2026-04-26 23:21:24.247895
39719,30d,SKIP,2631,,,,,,no weekend signals,47690.39,47690.39,2026-04-26 23:21:24.425725
39723,30d,SELL,2518,Triple Tactics Thrust,532376,15.38,200,27.1347,expiry post-target (peak $15.38),47690.39,50298.82,2026-04-26 23:43:51.768909
39727,30d,SKIP,2624,,,,,,no weekend signals,50298.82,50298.82,2026-04-26 23:43:52.074971
39736,30d,SKIP,2684,,,,,,no weekend signals,50298.82,50298.82,2026-04-26 23:45:57.333901
39740,30d,SKIP,2710,,,,,,no weekend signals,50298.82,50298.82,2026-04-26 23:55:03.083612
39744,30d,BUY,2723,Salamangreat Raging Phoenix,509822,13.13,200,19.8088,,50298.82,47672.82,2026-04-26 23:59:11.721609
39709,60d,BUY,2518,Triple Tactics Thrust,532376,9.47,200,27.1347,,43767.93,41874.15,2026-04-26 23:13:55.529898
39713,60d,SELL,2504,S:P Little Knight,520489,20.09,152,20.8196,model sell p=1.00,41874.15,44477.62,2026-04-26 23:21:24.303401
39718,60d,SELL,2385,Silhouhatte Rabbit,559238,15.54,98,26.3541,expiry,44477.62,45769.35,2026-04-26 23:34:38.269036
39720,60d,SKIP,2631,,,,,,no weekend signals,45769.35,45769.35,2026-04-26 23:36:41.854479
39724,60d,SELL,2392,Nightmare Throne,546845,15.51,166,20.4875,expiry,45769.35,47953.07,2026-04-26 23:43:51.885034
39728,60d,SKIP,2624,,,,,,no weekend signals,47953.07,47953.07,2026-04-26 23:45:57.123277
39731,60d,SELL,2518,Triple Tactics Thrust,532376,16.62,200,27.1347,model sell p=0.98,47953.07,50776.64,2026-04-26 23:45:57.410823
39737,60d,SKIP,2684,,,,,,no weekend signals,50776.64,50776.64,2026-04-26 23:48:04.133862
39741,60d,SKIP,2710,,,,,,no weekend signals,50776.64,50776.64,2026-04-26 23:55:03.084147
39745,60d,BUY,2723,Salamangreat Raging Phoenix,509822,13.13,200,19.8088,,50776.64,48150.64,2026-04-26 23:59:11.822378
39710,90d,BUY,2518,Triple Tactics Thrust,532376,9.47,200,27.1347,,41996.30,40102.52,2026-04-26 23:13:55.532765
39714,90d,SELL,2252,Divine Arsenal AA-ZEUS - Sky Thunder,226197,15.93,169,18.7685,75-day time exit,40102.52,42387.28,2026-04-26 23:21:24.365598
39715,90d,SELL,2504,S:P Little Knight,520489,20.09,152,20.8196,model sell p=1.00,42387.28,44990.75,2026-04-26 23:21:24.367241
39721,90d,SKIP,2631,,,,,,no weekend signals,44990.75,44990.75,2026-04-26 23:23:29.398782
39725,90d,SELL,2392,Nightmare Throne,546845,16.07,166,20.4875,model sell p=1.00,44990.75,47255.11,2026-04-26 23:43:51.966994
39729,90d,SKIP,2624,,,,,,no weekend signals,47255.11,47255.11,2026-04-26 23:45:57.140894
39732,90d,SELL,2385,Silhouhatte Rabbit,559238,15.84,98,26.3541,75-day time exit,47255.11,48572.35,2026-04-26 23:45:57.59409
39733,90d,SELL,2518,Triple Tactics Thrust,532376,16.62,200,27.1347,model sell p=0.99,48572.35,51395.92,2026-04-26 23:45:57.72999
39738,90d,SKIP,2684,,,,,,no weekend signals,51395.92,51395.92,2026-04-26 23:48:04.135275
39742,90d,SKIP,2710,,,,,,no weekend signals,51395.92,51395.92,2026-04-26 23:55:03.08438
39746,90d,BUY,2723,Salamangreat Raging Phoenix,509822,13.13,200,19.8088,,51395.92,48769.92,2026-04-26 23:59:11.957991
39748,30d,BUY,2775,Sky Striker Ace - Azalea,500408,15.18,200,20.7901,,47672.82,44637.76,2026-04-27 00:08:17.041831
39749,60d,BUY,2775,Sky Striker Ace - Azalea,500408,15.18,200,20.7901,,48150.64,45115.58,2026-04-27 00:08:17.186358
39750,90d,BUY,2775,Sky Striker Ace - Azalea,500408,15.18,200,20.7901,,48769.92,45734.86,2026-04-27 00:08:17.333747
39751,150d,BUY,2775,Sky Striker Ace - Azalea,500408,15.18,200,20.7901,,48769.92,45734.86,2026-04-27 00:08:17.365349
39752,30d,BUY,2785,Nightmare Throne,546845,12.86,160,18.2319,,44637.76,42580.16,2026-04-27 00:10:21.046492
39753,30d,BUY,2788,Mulcharmy Purulia,558189,40.89,24,18.6278,,42580.16,41598.91,2026-04-27 00:19:29.031274
39754,60d,BUY,2788,Mulcharmy Purulia,558189,40.89,24,18.6278,,45115.58,44134.33,2026-04-27 00:19:29.123831
39755,90d,BUY,2788,Mulcharmy Purulia,558189,40.89,24,18.6278,,45734.86,44753.61,2026-04-27 00:19:29.270339
39756,150d,BUY,2788,Mulcharmy Purulia,558189,40.89,24,18.6278,,45734.86,44753.61,2026-04-27 00:19:29.356425
39757,30d,BUY,2827,Fiendsmith Engraver,558188,46.56,16,16.4060,,41598.91,40854.00,2026-04-27 00:21:32.963092
39758,60d,BUY,2827,Fiendsmith Engraver,558188,46.56,16,16.4060,,44134.33,43389.42,2026-04-27 00:21:32.9658
39759,90d,BUY,2827,Fiendsmith Engraver,558188,46.56,16,16.4060,,44753.61,44008.70,2026-04-27 00:21:32.967462
39760,150d,BUY,2827,Fiendsmith Engraver,558188,46.56,16,16.4060,,44753.61,44008.70,2026-04-27 00:21:32.969383
39761,30d,SELL,2723,Salamangreat Raging Phoenix,509822,17.03,200,19.8088,trailing sell @ $17.03 (peak $17.07) on 2025-03-15,40854.00,43748.94,2026-04-27 00:28:55.32316
39762,60d,SELL,2723,Salamangreat Raging Phoenix,509822,17.03,200,19.8088,trailing sell @ $17.03 (peak $17.07),43389.42,46284.36,2026-04-27 00:28:55.376614
39763,90d,SELL,2723,Salamangreat Raging Phoenix,509822,17.03,200,19.8088,trailing sell @ $17.03 (peak $17.07),44008.70,46903.64,2026-04-27 00:28:55.425987
39764,150d,SELL,2723,Salamangreat Raging Phoenix,509822,17.03,200,19.8088,trailing sell @ $17.03 (peak $17.07),44008.70,46903.64,2026-04-27 00:28:55.491006
39765,30d,BUY,2849,Fiendsmith's Tract,559251,16.41,154,18.6502,,43748.94,41222.17,2026-04-27 00:31:00.058046
39766,60d,BUY,2849,Fiendsmith's Tract,559251,16.41,154,18.6502,,46284.36,43757.59,2026-04-27 00:31:00.060769
39767,90d,BUY,2849,Fiendsmith's Tract,559251,16.41,154,18.6502,,46903.64,44376.87,2026-04-27 00:31:00.063164
39768,150d,BUY,2849,Fiendsmith's Tract,559251,16.41,154,18.6502,,46903.64,44376.87,2026-04-27 00:31:00.065531
39769,30d,SELL,2775,Sky Striker Ace - Azalea,500408,16.78,200,20.7901,expiry,41222.17,44073.50,2026-04-27 00:31:00.160359
39770,30d,SELL,2788,Mulcharmy Purulia,558189,39.36,24,18.6278,no-early-bump exit (peak gain 0.66% by day 14),44073.50,44885.78,2026-04-27 00:31:00.161545
39771,60d,SELL,2788,Mulcharmy Purulia,558189,39.36,24,18.6278,no-early-bump exit (peak gain 0.66% by day 14),43757.59,44569.87,2026-04-27 00:31:00.208551
39772,90d,SELL,2788,Mulcharmy Purulia,558189,39.36,24,18.6278,no-early-bump exit (peak gain 0.66% by day 14),44376.87,45189.15,2026-04-27 00:31:00.256394
39773,150d,SELL,2788,Mulcharmy Purulia,558189,39.36,24,18.6278,no-early-bump exit (peak gain 0.66% by day 14),44376.87,45189.15,2026-04-27 00:31:00.303925
39774,30d,SKIP,2901,,,,,,no weekend signals,44885.78,44885.78,2026-04-27 00:31:00.304758
39775,60d,SKIP,2901,,,,,,no weekend signals,44569.87,44569.87,2026-04-27 00:33:00.33235
39776,90d,SKIP,2901,,,,,,no weekend signals,45189.15,45189.15,2026-04-27 00:33:00.333322
39777,150d,SKIP,2901,,,,,,no weekend signals,45189.15,45189.15,2026-04-27 00:33:00.334249
39778,30d,SELL,2785,Nightmare Throne,546845,15.77,160,18.2319,model sell p=0.98 on 2025-03-25,44885.78,47026.66,2026-04-27 00:39:55.419862
39779,30d,SELL,2827,Fiendsmith Engraver,558188,22.04,16,16.4060,stop-loss -30%,47026.66,47327.78,2026-04-27 00:39:55.421525
39780,60d,SELL,2827,Fiendsmith Engraver,558188,22.04,16,16.4060,stop-loss -30%,44569.87,44870.99,2026-04-27 00:39:55.469511
39781,90d,SELL,2827,Fiendsmith Engraver,558188,22.04,16,16.4060,stop-loss -30%,45189.15,45490.27,2026-04-27 00:39:55.621861
39782,150d,SELL,2827,Fiendsmith Engraver,558188,22.04,16,16.4060,stop-loss -30%,45189.15,45490.27,2026-04-27 00:39:55.671337
39783,30d,SKIP,2930,,,,,,no weekend signals,47327.78,47327.78,2026-04-27 00:39:55.671859
39784,60d,SKIP,2930,,,,,,no weekend signals,44870.99,44870.99,2026-04-27 00:41:55.371777
39785,90d,SKIP,2930,,,,,,no weekend signals,45490.27,45490.27,2026-04-27 00:41:55.373554
39786,150d,SKIP,2930,,,,,,no weekend signals,45490.27,45490.27,2026-04-27 00:41:55.3749
39787,30d,SKIP,2955,,,,,,no weekend signals,47327.78,47327.78,2026-04-27 00:41:55.376688
39788,60d,SKIP,2955,,,,,,no weekend signals,44870.99,44870.99,2026-04-27 00:41:55.412541
39789,90d,SKIP,2955,,,,,,no weekend signals,45490.27,45490.27,2026-04-27 00:41:55.455908
39790,150d,SKIP,2955,,,,,,no weekend signals,45490.27,45490.27,2026-04-27 00:41:55.501875
39791,30d,SELL,2849,Fiendsmith's Tract,559251,71.94,154,18.6502,model sell p=1.00,47327.78,56892.40,2026-04-27 00:50:54.255768
39792,60d,SELL,2849,Fiendsmith's Tract,559251,71.94,154,18.6502,model sell p=1.00,44870.99,54435.61,2026-04-27 00:50:54.329157
39793,90d,SELL,2849,Fiendsmith's Tract,559251,71.94,154,18.6502,model sell p=1.00,45490.27,55054.89,2026-04-27 00:50:54.369811
39794,150d,SELL,2849,Fiendsmith's Tract,559251,71.94,154,18.6502,model sell p=1.00,45490.27,55054.89,2026-04-27 00:50:54.409883
39795,30d,BUY,2972,Bystial Druiswurm,450160,14.23,200,21.6025,,56892.40,54046.40,2026-04-27 00:52:56.420046
39796,60d,BUY,2972,Bystial Druiswurm,450160,14.23,200,21.6025,,54435.61,51589.61,2026-04-27 00:52:56.4237
39797,90d,BUY,2972,Bystial Druiswurm,450160,14.23,200,21.6025,,55054.89,52208.89,2026-04-27 00:52:56.42636
39798,150d,BUY,2972,Bystial Druiswurm,450160,14.23,200,21.6025,,55054.89,52208.89,2026-04-27 00:52:56.428951
39799,30d,SKIP,3021,,,,,,no weekend signals,54046.40,54046.40,2026-04-27 00:52:56.429428
39804,30d,BUY,3016,Regenesis,629448,14.27,184,17.7732,,54046.40,51420.72,2026-04-27 01:04:27.770214
39808,30d,SELL,2972,Bystial Druiswurm,450160,9.19,200,21.6025,stop-loss -30%,51420.72,52955.19,2026-04-27 01:04:27.823159
39814,30d,SELL,3016,Regenesis,629448,19.32,184,17.7732,trailing sell @ $19.32 (peak $22.73),52955.19,55983.93,2026-04-27 01:13:29.241308
39800,60d,SKIP,3021,,,,,,no weekend signals,51589.61,51589.61,2026-04-27 00:52:56.467919
39803,60d,SELL,2775,Sky Striker Ace - Azalea,500408,19.68,200,20.7901,model sell p=0.99 on 2025-04-03,51589.61,54944.09,2026-04-27 01:02:23.883471
39805,60d,BUY,3016,Regenesis,629448,14.27,184,17.7732,,54944.09,52318.41,2026-04-27 01:04:27.772868
39809,60d,SELL,2972,Bystial Druiswurm,450160,9.19,200,21.6025,stop-loss -30%,52318.41,53852.88,2026-04-27 01:04:27.965932
39815,60d,SELL,3016,Regenesis,629448,19.32,184,17.7732,trailing sell @ $19.32 (peak $22.73),53852.88,56881.62,2026-04-27 01:13:29.285844
39801,90d,SKIP,3021,,,,,,no weekend signals,52208.89,52208.89,2026-04-27 00:52:56.613893
39806,90d,BUY,3016,Regenesis,629448,14.27,184,17.7732,,52208.89,49583.21,2026-04-27 01:04:27.775282
39810,90d,SELL,2775,Sky Striker Ace - Azalea,500408,22.67,200,20.7901,model sell p=1.00,49583.21,53456.46,2026-04-27 01:04:28.004846
39811,90d,SELL,2972,Bystial Druiswurm,450160,9.19,200,21.6025,stop-loss -30%,53456.46,54990.92,2026-04-27 01:04:28.005988
39816,90d,SELL,3016,Regenesis,629448,19.32,184,17.7732,trailing sell @ $19.32 (peak $22.73),54990.92,58019.66,2026-04-27 01:13:29.321053
39802,150d,SKIP,3021,,,,,,no weekend signals,52208.89,52208.89,2026-04-27 00:52:56.661389
39807,150d,BUY,3016,Regenesis,629448,14.27,184,17.7732,,52208.89,49583.21,2026-04-27 01:04:27.777623
39812,150d,SELL,2775,Sky Striker Ace - Azalea,500408,22.67,200,20.7901,model sell p=1.00,49583.21,53456.46,2026-04-27 01:04:28.055276
39813,150d,SELL,2972,Bystial Druiswurm,450160,9.19,200,21.6025,stop-loss -30%,53456.46,54990.92,2026-04-27 01:04:28.056504
39817,150d,SELL,3016,Regenesis,629448,19.32,184,17.7732,trailing sell @ $19.32 (peak $22.73),54990.92,58019.66,2026-04-27 01:13:29.365971
39818,30d,SKIP,3103,,,,,,no weekend signals,55983.93,55983.93,2026-04-27 01:13:29.366512
39819,60d,SKIP,3103,,,,,,no weekend signals,56881.62,56881.62,2026-04-27 01:15:31.035598
39820,90d,SKIP,3103,,,,,,no weekend signals,58019.66,58019.66,2026-04-27 01:15:31.03734
39821,150d,SKIP,3103,,,,,,no weekend signals,58019.66,58019.66,2026-04-27 01:15:31.038932
39822,30d,BUY,3126,Phantom of Yubel,554900,9.28,200,23.8137,,55983.93,54127.93,2026-04-27 01:26:36.869444
39823,60d,BUY,3126,Phantom of Yubel,554900,9.28,200,23.8137,,56881.62,55025.62,2026-04-27 01:26:36.975882
39824,90d,BUY,3126,Phantom of Yubel,554900,9.28,200,23.8137,,58019.66,56163.66,2026-04-27 01:26:37.110968
39825,150d,BUY,3126,Phantom of Yubel,554900,9.28,200,23.8137,,58019.66,56163.66,2026-04-27 01:26:37.271991
39826,30d,BUY,3174,Goblin Biker Grand Entrance,536430,8.33,200,29.5687,,54127.93,52461.93,2026-04-27 01:28:38.104007
39827,60d,BUY,3174,Goblin Biker Grand Entrance,536430,8.33,200,29.5687,,55025.62,53359.62,2026-04-27 01:28:38.106832
39828,90d,BUY,3174,Goblin Biker Grand Entrance,536430,8.33,200,29.5687,,56163.66,54497.66,2026-04-27 01:28:38.109265
39829,150d,BUY,3174,Goblin Biker Grand Entrance,536430,8.33,200,29.5687,,56163.66,54497.66,2026-04-27 01:28:38.110941
39830,30d,BUY,3182,Primite Dragon Ether Beryl,610825,13.91,197,18.5028,,52461.93,49720.99,2026-04-27 01:38:10.799705
39831,60d,BUY,3182,Primite Dragon Ether Beryl,610825,13.91,197,18.5028,,53359.62,50618.68,2026-04-27 01:38:10.802099
39832,90d,BUY,3182,Primite Dragon Ether Beryl,610825,13.91,197,18.5028,,54497.66,51756.72,2026-04-27 01:38:10.80432
39833,150d,BUY,3182,Primite Dragon Ether Beryl,610825,13.91,197,18.5028,,54497.66,51756.72,2026-04-27 01:38:10.806629
39834,30d,BUY,3195,Primite Lordly Lode,584314,31.16,45,19.4359,,49720.99,48318.79,2026-04-27 01:40:07.636795
39835,60d,BUY,3195,Primite Lordly Lode,584314,31.16,45,19.4359,,50618.68,49216.48,2026-04-27 01:40:07.639791
39836,90d,BUY,3195,Primite Lordly Lode,584314,31.16,45,19.4359,,51756.72,50354.52,2026-04-27 01:40:07.64246
39837,150d,BUY,3195,Primite Lordly Lode,584314,31.16,45,19.4359,,51756.72,50354.52,2026-04-27 01:40:07.645107
39838,30d,SELL,3182,Primite Dragon Ether Beryl,610825,9.34,197,18.5028,stop-loss -30%,48318.79,49855.87,2026-04-27 01:47:17.872046
39839,60d,SELL,3182,Primite Dragon Ether Beryl,610825,9.34,197,18.5028,stop-loss -30%,49216.48,50753.56,2026-04-27 01:47:17.9229
39840,90d,SELL,3182,Primite Dragon Ether Beryl,610825,9.34,197,18.5028,stop-loss -30%,50354.52,51891.60,2026-04-27 01:47:17.981996
39841,150d,SELL,3182,Primite Dragon Ether Beryl,610825,9.34,197,18.5028,stop-loss -30%,50354.52,51891.60,2026-04-27 01:47:18.145647
39842,30d,SKIP,3238,,,,,,no weekend signals,49855.87,49855.87,2026-04-27 01:47:18.146218
39843,60d,SKIP,3238,,,,,,no weekend signals,50753.56,50753.56,2026-04-27 01:49:15.756324
39844,90d,SKIP,3238,,,,,,no weekend signals,51891.60,51891.60,2026-04-27 01:49:15.757378
39845,150d,SKIP,3238,,,,,,no weekend signals,51891.60,51891.60,2026-04-27 01:49:15.758192
39846,30d,SELL,3126,Phantom of Yubel,554900,10.55,200,23.8137,expiry,49855.87,51626.30,2026-04-27 01:49:15.84682
39847,30d,SKIP,3210,,,,,,no weekend signals,51626.30,51626.30,2026-04-27 01:49:15.977057
39848,60d,SKIP,3210,,,,,,no weekend signals,50753.56,50753.56,2026-04-27 01:49:15.847539
39849,90d,SKIP,3210,,,,,,no weekend signals,51891.60,51891.60,2026-04-27 01:49:15.891198
39850,150d,SKIP,3210,,,,,,no weekend signals,51891.60,51891.60,2026-04-27 01:49:15.933273
39851,30d,SELL,3174,Goblin Biker Grand Entrance,536430,7.88,200,29.5687,expiry,51626.30,52933.48,2026-04-27 01:58:16.847973
39852,30d,SKIP,3208,,,,,,no weekend signals,52933.48,52933.48,2026-04-27 01:58:16.989882
39853,60d,SKIP,3208,,,,,,no weekend signals,50753.56,50753.56,2026-04-27 01:58:16.848548
39854,90d,SKIP,3208,,,,,,no weekend signals,51891.60,51891.60,2026-04-27 01:58:16.897837
39855,150d,SKIP,3208,,,,,,no weekend signals,51891.60,51891.60,2026-04-27 01:58:16.943959
39856,30d,SELL,3195,Primite Lordly Lode,584314,28.40,45,19.4359,expiry,52933.48,54028.65,2026-04-27 02:07:23.826187
39857,30d,SKIP,3282,,,,,,no weekend signals,54028.65,54028.65,2026-04-27 02:07:24.067221
39858,60d,SKIP,3282,,,,,,no weekend signals,50753.56,50753.56,2026-04-27 02:07:23.826884
39859,90d,SKIP,3282,,,,,,no weekend signals,51891.60,51891.60,2026-04-27 02:07:23.879003
39860,150d,SKIP,3282,,,,,,no weekend signals,51891.60,51891.60,2026-04-27 02:07:23.923653
39861,30d,SKIP,3300,,,,,,no weekend signals,54028.65,54028.65,2026-04-27 02:09:22.256163
39862,60d,SKIP,3300,,,,,,no weekend signals,50753.56,50753.56,2026-04-27 02:09:22.256445
39863,90d,SKIP,3300,,,,,,no weekend signals,51891.60,51891.60,2026-04-27 02:09:22.318275
39864,150d,SKIP,3300,,,,,,no weekend signals,51891.60,51891.60,2026-04-27 02:09:22.362296
39865,60d,SELL,3126,Phantom of Yubel,554900,6.44,200,23.8137,stop-loss -30% on 2025-07-11,50753.56,51810.90,2026-04-27 02:18:29.164508
39866,60d,SELL,3174,Goblin Biker Grand Entrance,536430,3.73,200,29.5687,stop-loss -30%,51810.90,52398.06,2026-04-27 02:18:29.16581
39867,90d,SELL,3126,Phantom of Yubel,554900,6.25,200,23.8137,stop-loss -30%,51891.60,52915.98,2026-04-27 02:18:29.21263
39868,90d,SELL,3174,Goblin Biker Grand Entrance,536430,3.73,200,29.5687,stop-loss -30%,52915.98,53503.14,2026-04-27 02:18:29.213987
39869,150d,SELL,3126,Phantom of Yubel,554900,6.25,200,23.8137,stop-loss -30%,51891.60,52915.98,2026-04-27 02:18:29.367019
39870,150d,SELL,3174,Goblin Biker Grand Entrance,536430,3.73,200,29.5687,stop-loss -30%,52915.98,53503.14,2026-04-27 02:18:29.368722
39871,30d,BUY,3317,Kashtira Fenrir,514784,11.54,200,24.4751,,54028.65,51720.76,2026-04-27 02:20:29.56625
39872,60d,BUY,3317,Kashtira Fenrir,514784,11.54,200,24.4751,,52398.06,50090.17,2026-04-27 02:20:29.5689
39873,90d,BUY,3317,Kashtira Fenrir,514784,11.54,200,24.4751,,53503.14,51195.25,2026-04-27 02:20:29.571628
39874,150d,BUY,3317,Kashtira Fenrir,514784,11.54,200,24.4751,,53503.14,51195.25,2026-04-27 02:20:29.574194
39875,30d,BUY,3324,Regenesis,629448,9.04,200,32.3830,,51720.76,49912.76,2026-04-27 02:22:27.556461
39876,60d,BUY,3324,Regenesis,629448,9.04,200,32.3830,,50090.17,48282.17,2026-04-27 02:22:27.558851
39877,90d,BUY,3324,Regenesis,629448,9.04,200,32.3830,,51195.25,49387.25,2026-04-27 02:22:27.56146
39878,150d,BUY,3324,Regenesis,629448,9.04,200,32.3830,,51195.25,49387.25,2026-04-27 02:22:27.563792
39879,30d,BUY,3384,Elzette of the White Forest,559191,9.02,200,28.8143,,49912.76,48108.76,2026-04-27 02:31:35.430974
39883,30d,SELL,3317,Kashtira Fenrir,514784,17.37,200,24.4751,model sell p=0.98,48108.76,51062.46,2026-04-27 02:31:35.974359
39888,30d,BUY,3428,Lunalight Gold Leo,639342,10.11,200,32.7542,,51062.46,49040.46,2026-04-27 02:33:34.617412
39880,60d,BUY,3384,Elzette of the White Forest,559191,9.02,200,28.8143,,48282.17,46478.17,2026-04-27 02:31:35.581154
39884,60d,SELL,3195,Primite Lordly Lode,584314,27.50,45,19.4359,expiry,46478.17,47538.20,2026-04-27 02:31:36.089955
39885,60d,SELL,3317,Kashtira Fenrir,514784,17.37,200,24.4751,model sell p=0.98,47538.20,50491.90,2026-04-27 02:31:36.091134
39889,60d,BUY,3428,Lunalight Gold Leo,639342,10.11,200,32.7542,,50491.90,48469.90,2026-04-27 02:33:34.619012
39881,90d,BUY,3384,Elzette of the White Forest,559191,9.02,200,28.8143,,49387.25,47583.25,2026-04-27 02:31:35.673382
39886,90d,SELL,3317,Kashtira Fenrir,514784,17.37,200,24.4751,model sell p=0.98,47583.25,50536.95,2026-04-27 02:31:36.136203
39890,90d,BUY,3428,Lunalight Gold Leo,639342,10.11,200,32.7542,,50536.95,48514.95,2026-04-27 02:33:34.62085
39882,150d,BUY,3384,Elzette of the White Forest,559191,9.02,200,28.8143,,49387.25,47583.25,2026-04-27 02:31:35.833712
39887,150d,SELL,3317,Kashtira Fenrir,514784,17.37,200,24.4751,model sell p=0.98,47583.25,50536.95,2026-04-27 02:31:36.276898
39891,150d,BUY,3428,Lunalight Gold Leo,639342,10.11,200,32.7542,,50536.95,48514.95,2026-04-27 02:33:34.62235
39892,30d,SELL,3324,Regenesis,629448,6.47,200,32.3830,no-early-bump exit (peak gain -0.22% by day 14),49040.46,50103.01,2026-04-27 02:40:53.421035
39893,60d,SELL,3324,Regenesis,629448,6.47,200,32.3830,no-early-bump exit (peak gain -0.22% by day 14),48469.90,49532.45,2026-04-27 02:40:53.465822
39894,90d,SELL,3195,Primite Lordly Lode,584314,21.02,45,19.4359,stop-loss -30%,48514.95,49322.02,2026-04-27 02:40:53.517348
39895,90d,SELL,3324,Regenesis,629448,6.47,200,32.3830,no-early-bump exit (peak gain -0.22% by day 14),49322.02,50384.56,2026-04-27 02:40:53.518955
39896,150d,SELL,3195,Primite Lordly Lode,584314,21.02,45,19.4359,stop-loss -30%,48514.95,49322.02,2026-04-27 02:40:53.641585
39897,150d,SELL,3324,Regenesis,629448,6.47,200,32.3830,no-early-bump exit (peak gain -0.22% by day 14),49322.02,50384.56,2026-04-27 02:40:53.648082
39898,30d,BUY,3482,Seventh Tachyon,622015,17.73,97,32.0296,,50103.01,48383.20,2026-04-27 02:42:54.214371
39899,60d,BUY,3482,Seventh Tachyon,622015,17.73,97,32.0296,,49532.45,47812.64,2026-04-27 02:42:54.217766
39900,90d,BUY,3482,Seventh Tachyon,622015,17.73,97,32.0296,,50384.56,48664.75,2026-04-27 02:42:54.220532
39901,150d,BUY,3482,Seventh Tachyon,622015,17.73,97,32.0296,,50384.56,48664.75,2026-04-27 02:42:54.223171
39902,30d,SELL,3384,Elzette of the White Forest,559191,8.53,200,28.8143,no-early-bump exit (peak gain 0.00% by day 14),48383.20,49803.16,2026-04-27 02:42:54.315081
39903,30d,SELL,3428,Lunalight Gold Leo,639342,15.08,200,32.7542,trailing sell @ $15.08 (peak $15.40),49803.16,52359.05,2026-04-27 02:42:54.316834
39904,60d,SELL,3384,Elzette of the White Forest,559191,8.53,200,28.8143,no-early-bump exit (peak gain 0.00% by day 14),47812.64,49232.60,2026-04-27 02:42:54.363114
39905,60d,SELL,3428,Lunalight Gold Leo,639342,15.08,200,32.7542,trailing sell @ $15.08 (peak $15.40),49232.60,51788.49,2026-04-27 02:42:54.365099
39906,90d,SELL,3384,Elzette of the White Forest,559191,8.53,200,28.8143,no-early-bump exit (peak gain 0.00% by day 14),48664.75,50084.71,2026-04-27 02:42:54.409888
39907,90d,SELL,3428,Lunalight Gold Leo,639342,15.08,200,32.7542,trailing sell @ $15.08 (peak $15.40),50084.71,52640.60,2026-04-27 02:42:54.411263
39908,150d,SELL,3384,Elzette of the White Forest,559191,8.53,200,28.8143,no-early-bump exit (peak gain 0.00% by day 14),48664.75,50084.71,2026-04-27 02:42:54.458335
39909,150d,SELL,3428,Lunalight Gold Leo,639342,15.08,200,32.7542,trailing sell @ $15.08 (peak $15.40),50084.71,52640.60,2026-04-27 02:42:54.459612
39910,30d,BUY,3498,Dracotail Mululu,645212,11.13,200,30.9218,,52359.05,50132.32,2026-04-27 02:44:54.003747
39911,60d,BUY,3498,Dracotail Mululu,645212,11.13,200,30.9218,,51788.49,49561.76,2026-04-27 02:44:54.006179
39912,90d,BUY,3498,Dracotail Mululu,645212,11.13,200,30.9218,,52640.60,50413.87,2026-04-27 02:44:54.00843
39913,150d,BUY,3498,Dracotail Mululu,645212,11.13,200,30.9218,,52640.60,50413.87,2026-04-27 02:44:54.0106
39914,30d,BUY,3558,Sky Striker Ace = Zero,639386,13.53,200,27.8916,,50132.32,47426.32,2026-04-27 02:54:36.668464
39915,60d,BUY,3558,Sky Striker Ace = Zero,639386,13.53,200,27.8916,,49561.76,46855.76,2026-04-27 02:54:36.669881
39916,90d,BUY,3558,Sky Striker Ace = Zero,639386,13.53,200,27.8916,,50413.87,47707.87,2026-04-27 02:54:36.671435
39917,150d,BUY,3558,Sky Striker Ace = Zero,639386,13.53,200,27.8916,,50413.87,47707.87,2026-04-27 02:54:36.67333
39918,30d,SELL,3482,Seventh Tachyon,622015,29.32,97,32.0296,model sell p=1.00,47426.32,49864.42,2026-04-27 02:54:36.733075
39919,60d,SELL,3482,Seventh Tachyon,622015,29.32,97,32.0296,model sell p=1.00,46855.76,49293.86,2026-04-27 02:54:36.852979
39920,60d,SELL,3498,Dracotail Mululu,645212,13.55,200,30.9218,model sell p=0.74,49293.86,51584.79,2026-04-27 02:54:36.854424
39921,90d,SELL,3482,Seventh Tachyon,622015,29.32,97,32.0296,model sell p=1.00,47707.87,50145.97,2026-04-27 02:54:36.896429
39922,90d,SELL,3498,Dracotail Mululu,645212,13.55,200,30.9218,model sell p=0.74,50145.97,52436.90,2026-04-27 02:54:36.898011
39923,150d,SELL,3482,Seventh Tachyon,622015,29.32,97,32.0296,model sell p=1.00,47707.87,50145.97,2026-04-27 02:54:36.944228
39924,150d,SELL,3498,Dracotail Mululu,645212,13.55,200,30.9218,model sell p=0.74,50145.97,52436.90,2026-04-27 02:54:36.945514
39925,30d,BUY,3586,Vanquish Soul Hollie Sue,639359,8.04,200,22.2049,,49864.42,48256.64,2026-04-27 02:56:34.469718
39926,60d,BUY,3586,Vanquish Soul Hollie Sue,639359,8.04,200,22.2049,,51584.79,49977.01,2026-04-27 02:56:34.472317
39927,90d,BUY,3586,Vanquish Soul Hollie Sue,639359,8.04,200,22.2049,,52436.90,50829.12,2026-04-27 02:56:34.474839
39928,150d,BUY,3586,Vanquish Soul Hollie Sue,639359,8.04,200,22.2049,,52436.90,50829.12,2026-04-27 02:56:34.477672
39929,30d,SELL,3558,Sky Striker Ace = Zero,639386,19.09,200,27.8916,model sell p=1.00,48256.64,51508.76,2026-04-27 03:04:01.162224
39930,60d,SELL,3558,Sky Striker Ace = Zero,639386,19.09,200,27.8916,model sell p=1.00,49977.01,53229.13,2026-04-27 03:04:01.25962
39931,90d,SELL,3558,Sky Striker Ace = Zero,639386,19.09,200,27.8916,model sell p=1.00,50829.12,54081.24,2026-04-27 03:04:01.297712
39932,150d,SELL,3558,Sky Striker Ace = Zero,639386,19.09,200,27.8916,model sell p=1.00,50829.12,54081.24,2026-04-27 03:04:01.334288
39933,30d,BUY,3601,Fiendsmith's Requiem,559231,9.15,200,26.6699,,51508.76,49678.76,2026-04-27 03:05:58.238275
39934,60d,BUY,3601,Fiendsmith's Requiem,559231,9.15,200,26.6699,,53229.13,51399.13,2026-04-27 03:05:58.240557
39935,90d,BUY,3601,Fiendsmith's Requiem,559231,9.15,200,26.6699,,54081.24,52251.24,2026-04-27 03:05:58.242885
39936,150d,BUY,3601,Fiendsmith's Requiem,559231,9.15,200,26.6699,,54081.24,52251.24,2026-04-27 03:05:58.244805
39937,30d,BUY,3655,Mistaken Arrest,102484,8.31,200,20.5856,,49678.76,48016.76,2026-04-27 03:07:55.921969
39938,60d,BUY,3655,Mistaken Arrest,102484,8.31,200,20.5856,,51399.13,49737.13,2026-04-27 03:07:55.924646
39939,90d,BUY,3655,Mistaken Arrest,102484,8.31,200,20.5856,,52251.24,50589.24,2026-04-27 03:07:55.92705
39940,150d,BUY,3655,Mistaken Arrest,102484,8.31,200,20.5856,,52251.24,50589.24,2026-04-27 03:07:55.929189
39941,30d,SELL,3498,Dracotail Mululu,645212,13.33,200,30.9218,model sell p=0.99 on 2025-09-28,48016.76,50269.52,2026-04-27 03:15:23.730082
39942,30d,SELL,3586,Vanquish Soul Hollie Sue,639359,6.38,200,22.2049,no-early-bump exit (peak gain 0.37% by day 14),50269.52,51316.45,2026-04-27 03:15:23.731479
39943,60d,SELL,3586,Vanquish Soul Hollie Sue,639359,6.38,200,22.2049,no-early-bump exit (peak gain 0.37% by day 14),49737.13,50784.06,2026-04-27 03:15:23.833368
39944,90d,SELL,3586,Vanquish Soul Hollie Sue,639359,6.38,200,22.2049,no-early-bump exit (peak gain 0.37% by day 14),50589.24,51636.17,2026-04-27 03:15:23.87744
39945,150d,SELL,3586,Vanquish Soul Hollie Sue,639359,6.38,200,22.2049,no-early-bump exit (peak gain 0.37% by day 14),50589.24,51636.17,2026-04-27 03:15:23.954376
39946,30d,BUY,3695,Secreterion Dragon,639374,8.62,200,23.9242,,51316.45,49592.84,2026-04-27 03:17:20.824517
39950,30d,SELL,3601,Fiendsmith's Requiem,559231,6.98,200,26.6699,no-early-bump exit (peak gain -0.55% by day 14),49592.84,50743.87,2026-04-27 03:17:21.433481
39954,30d,BUY,3779,S:P Little Knight,520489,12.65,176,25.9570,,50743.87,48517.50,2026-04-27 03:19:16.415308
39958,30d,SKIP,3761,,,,,,no weekend signals,48517.50,48517.50,2026-04-27 03:26:35.56774
39962,30d,SKIP,3788,,,,,,no weekend signals,48517.50,48517.50,2026-04-27 03:28:31.248005
39966,30d,SELL,3655,Mistaken Arrest,102484,8.81,200,20.5856,expiry,48517.50,49986.04,2026-04-27 03:37:57.416703
39967,30d,BUY,1294,"Blazing Cartesia, the Virtuous",450170,8.62,200,20.2449,,49986.04,48262.04,2026-04-27 03:39:56.714146
39971,30d,SELL,3695,Secreterion Dragon,639374,16.97,200,23.9242,model sell p=1.00 on 2025-11-04,48262.04,51146.34,2026-04-27 03:39:57.452153
39975,30d,BUY,3894,Primite Dragon Ether Beryl,610825,12.33,200,23.2517,,51146.34,48680.34,2026-04-27 03:41:57.795109
39947,60d,BUY,3695,Secreterion Dragon,639374,8.62,200,23.9242,,50784.06,49060.45,2026-04-27 03:17:20.979365
39951,60d,SELL,3601,Fiendsmith's Requiem,559231,6.98,200,26.6699,no-early-bump exit (peak gain -0.55% by day 14),49060.45,50211.48,2026-04-27 03:17:21.484743
39955,60d,BUY,3779,S:P Little Knight,520489,12.65,176,25.9570,,50211.48,47985.11,2026-04-27 03:19:16.55608
39959,60d,SKIP,3761,,,,,,no weekend signals,47985.11,47985.11,2026-04-27 03:26:35.622748
39963,60d,SKIP,3788,,,,,,no weekend signals,47985.11,47985.11,2026-04-27 03:28:31.300807
39968,60d,BUY,1294,"Blazing Cartesia, the Virtuous",450170,8.62,200,20.2449,,47985.11,46261.11,2026-04-27 03:39:56.972559
39972,60d,SELL,3695,Secreterion Dragon,639374,19.05,200,23.9242,model sell p=1.00,46261.11,49506.29,2026-04-27 03:39:57.520347
39976,60d,BUY,3894,Primite Dragon Ether Beryl,610825,12.33,200,23.2517,,49506.29,47040.29,2026-04-27 03:41:57.798301
39948,90d,BUY,3695,Secreterion Dragon,639374,8.62,200,23.9242,,51636.17,49912.56,2026-04-27 03:17:21.122348
39952,90d,SELL,3601,Fiendsmith's Requiem,559231,6.98,200,26.6699,no-early-bump exit (peak gain -0.55% by day 14),49912.56,51063.59,2026-04-27 03:17:21.528569
39956,90d,BUY,3779,S:P Little Knight,520489,12.65,176,25.9570,,51063.59,48837.22,2026-04-27 03:19:16.711224
39960,90d,SKIP,3761,,,,,,no weekend signals,48837.22,48837.22,2026-04-27 03:26:35.669713
39964,90d,SKIP,3788,,,,,,no weekend signals,48837.22,48837.22,2026-04-27 03:28:31.440785
39969,90d,BUY,1294,"Blazing Cartesia, the Virtuous",450170,8.62,200,20.2449,,48837.22,47113.22,2026-04-27 03:39:57.151514
39973,90d,SELL,3695,Secreterion Dragon,639374,19.05,200,23.9242,model sell p=1.00,47113.22,50358.40,2026-04-27 03:39:57.673846
39977,90d,BUY,3894,Primite Dragon Ether Beryl,610825,12.33,200,23.2517,,50358.40,47892.40,2026-04-27 03:41:57.80062
39949,150d,BUY,3695,Secreterion Dragon,639374,8.62,200,23.9242,,51636.17,49912.56,2026-04-27 03:17:21.205989
39953,150d,SELL,3601,Fiendsmith's Requiem,559231,6.98,200,26.6699,no-early-bump exit (peak gain -0.55% by day 14),49912.56,51063.59,2026-04-27 03:17:21.606481
39957,150d,BUY,3779,S:P Little Knight,520489,12.65,176,25.9570,,51063.59,48837.22,2026-04-27 03:19:16.804755
39961,150d,SKIP,3761,,,,,,no weekend signals,48837.22,48837.22,2026-04-27 03:26:35.715797
39965,150d,SKIP,3788,,,,,,no weekend signals,48837.22,48837.22,2026-04-27 03:28:31.489724
39970,150d,BUY,1294,"Blazing Cartesia, the Virtuous",450170,8.62,200,20.2449,,48837.22,47113.22,2026-04-27 03:39:57.300185
39974,150d,SELL,3695,Secreterion Dragon,639374,19.05,200,23.9242,model sell p=1.00,47113.22,50358.40,2026-04-27 03:39:57.723438
39978,150d,BUY,3894,Primite Dragon Ether Beryl,610825,12.33,200,23.2517,,50358.40,47892.40,2026-04-27 03:41:57.803015
39979,30d,SELL,3779,S:P Little Knight,520489,10.03,176,25.9570,expiry,48680.34,50158.92,2026-04-27 03:50:07.863647
39980,30d,BUY,3777,Dominus Spiral,654314,9.84,200,26.4477,,50158.92,48190.92,2026-04-27 03:52:05.549462
39981,60d,BUY,3777,Dominus Spiral,654314,9.84,200,26.4477,,47040.29,45072.29,2026-04-27 03:52:05.552464
39982,90d,BUY,3777,Dominus Spiral,654314,9.84,200,26.4477,,47892.40,45924.40,2026-04-27 03:52:05.555138
39983,150d,BUY,3777,Dominus Spiral,654314,9.84,200,26.4477,,47892.40,45924.40,2026-04-27 03:52:05.557709
39984,30d,SELL,1294,"Blazing Cartesia, the Virtuous",450170,7.53,200,20.2449,no-early-bump exit (peak gain 0.00% by day 14),48190.92,49437.38,2026-04-27 03:52:05.60592
39985,60d,SELL,1294,"Blazing Cartesia, the Virtuous",450170,7.53,200,20.2449,no-early-bump exit (peak gain 0.00% by day 14),45072.29,46318.75,2026-04-27 03:52:05.759288
39986,90d,SELL,1294,"Blazing Cartesia, the Virtuous",450170,7.53,200,20.2449,no-early-bump exit (peak gain 0.00% by day 14),45924.40,47170.86,2026-04-27 03:52:05.884953
39987,150d,SELL,1294,"Blazing Cartesia, the Virtuous",450170,7.53,200,20.2449,no-early-bump exit (peak gain 0.00% by day 14),45924.40,47170.86,2026-04-27 03:52:05.944969
39988,30d,BUY,3975,Mulcharmy Fuwalos,584272,20.06,120,20.8340,,49437.38,47030.53,2026-04-27 04:03:33.424279
39989,60d,BUY,3975,Mulcharmy Fuwalos,584272,20.06,120,20.8340,,46318.75,43911.90,2026-04-27 04:03:33.425733
39990,90d,BUY,3975,Mulcharmy Fuwalos,584272,20.06,120,20.8340,,47170.86,44764.01,2026-04-27 04:03:33.427563
39991,150d,BUY,3975,Mulcharmy Fuwalos,584272,20.06,120,20.8340,,47170.86,44764.01,2026-04-27 04:03:33.429053
39992,30d,SELL,3777,Dominus Spiral,654314,7.84,200,26.4477,no-early-bump exit (peak gain 0.41% by day 14),47030.53,48330.77,2026-04-27 04:03:33.475078
39993,60d,SELL,3655,Mistaken Arrest,102484,9.16,200,20.5856,expiry,43911.90,45441.16,2026-04-27 04:03:33.60329
39994,60d,SELL,3777,Dominus Spiral,654314,7.84,200,26.4477,no-early-bump exit (peak gain 0.41% by day 14),45441.16,46741.40,2026-04-27 04:03:33.605056
39995,90d,SELL,3777,Dominus Spiral,654314,7.84,200,26.4477,no-early-bump exit (peak gain 0.41% by day 14),44764.01,46064.25,2026-04-27 04:03:33.658461
39996,150d,SELL,3777,Dominus Spiral,654314,7.84,200,26.4477,no-early-bump exit (peak gain 0.41% by day 14),44764.01,46064.25,2026-04-27 04:03:33.764579
39997,30d,BUY,4022,"Tiras, Keeper of Genesis",48063,28.09,39,17.6505,,48330.77,47235.26,2026-04-27 04:05:29.802387
39998,60d,BUY,4022,"Tiras, Keeper of Genesis",48063,28.09,39,17.6505,,46741.40,45645.89,2026-04-27 04:05:29.805624
39999,90d,BUY,4022,"Tiras, Keeper of Genesis",48063,28.09,39,17.6505,,46064.25,44968.74,2026-04-27 04:05:29.808078
40000,150d,BUY,4022,"Tiras, Keeper of Genesis",48063,28.09,39,17.6505,,46064.25,44968.74,2026-04-27 04:05:29.810677
40001,30d,SELL,3894,Primite Dragon Ether Beryl,610825,14.65,200,23.2517,model sell p=0.98 on 2025-12-17,47235.26,49717.04,2026-04-27 04:13:41.545246
40002,30d,BUY,4032,Dracotail Faimena,645207,9.39,200,20.4089,,49717.04,47839.04,2026-04-27 04:15:37.396971
40003,60d,BUY,4032,Dracotail Faimena,645207,9.39,200,20.4089,,45645.89,43767.89,2026-04-27 04:15:37.400082
40004,90d,BUY,4032,Dracotail Faimena,645207,9.39,200,20.4089,,44968.74,43090.74,2026-04-27 04:15:37.402237
40005,150d,BUY,4032,Dracotail Faimena,645207,9.39,200,20.4089,,44968.74,43090.74,2026-04-27 04:15:37.404547
40006,60d,SELL,3779,S:P Little Knight,520489,11.15,176,25.9570,expiry,43767.89,45417.47,2026-04-27 04:15:37.602037
40007,90d,SELL,3655,Mistaken Arrest,102484,8.98,200,20.5856,75-day time exit,43090.74,44588.77,2026-04-27 04:15:37.796732
40008,150d,SELL,3655,Mistaken Arrest,102484,8.98,200,20.5856,75-day time exit,43090.74,44588.77,2026-04-27 04:15:37.865527
40009,30d,BUY,4057,Kashtira Fenrir,514784,9.27,200,21.9929,,47839.04,45985.04,2026-04-27 04:17:35.271864
40010,60d,BUY,4057,Kashtira Fenrir,514784,9.27,200,21.9929,,45417.47,43563.47,2026-04-27 04:17:35.274919
40011,90d,BUY,4057,Kashtira Fenrir,514784,9.27,200,21.9929,,44588.77,42734.77,2026-04-27 04:17:35.27758
40012,150d,BUY,4057,Kashtira Fenrir,514784,9.27,200,21.9929,,44588.77,42734.77,2026-04-27 04:17:35.28049
40013,30d,SKIP,4087,,,,,,no weekend signals,45985.04,45985.04,2026-04-27 04:25:12.694948
40014,60d,SKIP,4087,,,,,,no weekend signals,43563.47,43563.47,2026-04-27 04:25:12.759312
40015,90d,SKIP,4087,,,,,,no weekend signals,42734.77,42734.77,2026-04-27 04:25:12.813419
40016,150d,SKIP,4087,,,,,,no weekend signals,42734.77,42734.77,2026-04-27 04:25:12.873058
40017,30d,SELL,3975,Mulcharmy Fuwalos,584272,17.94,120,20.8340,expiry,45985.04,47816.59,2026-04-27 04:34:40.66645
40018,30d,SELL,4022,"Tiras, Keeper of Genesis",48063,35.42,39,17.6505,expiry,47816.59,49003.24,2026-04-27 04:34:40.668045
40019,30d,SELL,4032,Dracotail Faimena,645207,11.80,200,20.4089,expiry,49003.24,50990.54,2026-04-27 04:34:40.669438
40020,30d,SELL,4057,Kashtira Fenrir,514784,8.34,200,21.9929,no-early-bump exit (peak gain -0.76% by day 14),50990.54,52377.53,2026-04-27 04:34:40.670676
40021,60d,SELL,3894,Primite Dragon Ether Beryl,610825,14.65,200,23.2517,model sell p=0.98 on 2025-12-17,43563.47,46045.25,2026-04-27 04:34:40.75612
40022,60d,SELL,4057,Kashtira Fenrir,514784,8.34,200,21.9929,no-early-bump exit (peak gain -0.76% by day 14),46045.25,47432.24,2026-04-27 04:34:40.757213
40023,90d,SELL,3779,S:P Little Knight,520489,10.48,176,25.9570,75-day time exit on 2026-01-08,42734.77,44282.06,2026-04-27 04:34:41.033954
40024,90d,SELL,3894,Primite Dragon Ether Beryl,610825,16.63,200,23.2517,trailing sell @ $16.63 (peak $18.03),44282.06,47107.43,2026-04-27 04:34:41.035411
40025,90d,SELL,4057,Kashtira Fenrir,514784,8.34,200,21.9929,no-early-bump exit (peak gain -0.76% by day 14),47107.43,48494.42,2026-04-27 04:34:41.080458
40026,150d,SELL,3779,S:P Little Knight,520489,13.11,176,25.9570,75-day time exit,42734.77,44683.60,2026-04-27 04:34:41.23446
40027,150d,SELL,3894,Primite Dragon Ether Beryl,610825,16.63,200,23.2517,trailing sell @ $16.63 (peak $18.03),44683.60,47508.97,2026-04-27 04:34:41.235659
40028,150d,SELL,4057,Kashtira Fenrir,514784,8.34,200,21.9929,no-early-bump exit (peak gain -0.76% by day 14),47508.97,48895.96,2026-04-27 04:34:41.237086
40029,30d,BUY,4191,Mitsurugi Ritual,610922,16.04,165,19.0148,,52377.53,49730.93,2026-04-27 04:36:35.174272
40030,60d,BUY,4191,Mitsurugi Ritual,610922,16.04,165,19.0148,,47432.24,44785.64,2026-04-27 04:36:35.178652
40034,60d,BUY,4184,Gorgon of Zilofthonia,639387,8.14,200,24.5747,,44785.64,43158.12,2026-04-27 04:38:29.953482
40038,60d,BUY,4220,Kewl Tune Cue,665452,8.74,200,21.0593,,43158.12,41410.12,2026-04-27 04:48:07.591887
40041,60d,SELL,3975,Mulcharmy Fuwalos,584272,20.53,120,20.8340,expiry,41410.12,43511.29,2026-04-27 04:48:07.809406
40042,60d,SELL,4032,Dracotail Faimena,645207,12.26,200,20.4089,trailing sell @ $12.26 (peak $14.42),43511.29,45579.20,2026-04-27 04:48:07.810568
40046,60d,BUY,4236,S:P Little Knight,520489,11.29,189,22.0323,,45579.20,43446.04,2026-04-27 04:50:11.716894
40048,60d,SELL,4022,"Tiras, Keeper of Genesis",48063,35.44,39,17.6505,model sell p=1.00 on 2026-02-05,43446.04,44633.36,2026-04-27 04:58:03.51553
40050,60d,BUY,4299,Despian Luluwalilith,493891,16.34,193,21.7984,,44633.36,41479.74,2026-04-27 05:00:05.128573
40055,60d,SELL,4191,Mitsurugi Ritual,610922,10.82,165,19.0148,stop-loss -30%,41479.74,42978.99,2026-04-27 05:00:05.321023
40056,60d,SELL,4184,Gorgon of Zilofthonia,639387,15.07,200,24.5747,model sell p=1.00,42978.99,45533.63,2026-04-27 05:00:05.322359
40064,60d,BUY,4339,Vanquish Soul Jiaolong,520405,10.50,200,24.5185,,45533.63,43433.63,2026-04-27 05:02:04.824117
40070,60d,BUY,4344,"Elzette, Azamina of the White Forest",610814,19.97,141,22.9811,,43433.63,40618.36,2026-04-27 05:11:40.298209
40075,60d,BUY,4367,Shared Ride,79038,8.45,200,29.3110,,40618.36,38929.17,2026-04-27 05:13:38.750213
40031,90d,BUY,4191,Mitsurugi Ritual,610922,16.04,165,19.0148,,48494.42,45847.82,2026-04-27 04:36:35.182201
40035,90d,BUY,4184,Gorgon of Zilofthonia,639387,8.14,200,24.5747,,45847.82,44220.30,2026-04-27 04:38:29.955921
40039,90d,BUY,4220,Kewl Tune Cue,665452,8.74,200,21.0593,,44220.30,42472.30,2026-04-27 04:48:07.594316
40043,90d,SELL,4032,Dracotail Faimena,645207,12.26,200,20.4089,trailing sell @ $12.26 (peak $14.42),42472.30,44540.21,2026-04-27 04:48:07.863701
40047,90d,BUY,4236,S:P Little Knight,520489,11.29,189,22.0323,,44540.21,42407.05,2026-04-27 04:50:11.719237
40051,90d,BUY,4299,Despian Luluwalilith,493891,16.34,193,21.7984,,42407.05,39253.43,2026-04-27 05:00:05.131126
40057,90d,SELL,3975,Mulcharmy Fuwalos,584272,27.10,120,20.8340,75-day time exit,39253.43,42038.54,2026-04-27 05:00:05.387573
40058,90d,SELL,4191,Mitsurugi Ritual,610922,10.82,165,19.0148,stop-loss -30%,42038.54,43537.79,2026-04-27 05:00:05.38883
40059,90d,SELL,4184,Gorgon of Zilofthonia,639387,15.07,200,24.5747,model sell p=1.00,43537.79,46092.44,2026-04-27 05:00:05.39062
40065,90d,BUY,4339,Vanquish Soul Jiaolong,520405,10.50,200,24.5185,,46092.44,43992.44,2026-04-27 05:02:04.82677
40067,90d,SELL,4022,"Tiras, Keeper of Genesis",48063,43.60,39,17.6505,75-day time exit,43992.44,45455.84,2026-04-27 05:09:38.166388
40071,90d,BUY,4344,"Elzette, Azamina of the White Forest",610814,19.97,141,22.9811,,45455.84,42640.57,2026-04-27 05:11:40.300607
40076,90d,BUY,4367,Shared Ride,79038,8.45,200,29.3110,,42640.57,40951.38,2026-04-27 05:13:38.752505
40032,150d,BUY,4191,Mitsurugi Ritual,610922,16.04,165,19.0148,,48895.96,46249.36,2026-04-27 04:36:35.185342
40036,150d,BUY,4184,Gorgon of Zilofthonia,639387,8.14,200,24.5747,,46249.36,44621.84,2026-04-27 04:38:29.965863
40040,150d,BUY,4220,Kewl Tune Cue,665452,8.74,200,21.0593,,44621.84,42873.84,2026-04-27 04:48:07.596588
40044,150d,SELL,4032,Dracotail Faimena,645207,12.26,200,20.4089,trailing sell @ $12.26 (peak $14.42),42873.84,44941.75,2026-04-27 04:48:07.922316
40052,150d,BUY,4299,Despian Luluwalilith,493891,16.34,193,21.7984,,44941.75,41788.13,2026-04-27 05:00:05.133936
40060,150d,SELL,3975,Mulcharmy Fuwalos,584272,27.10,120,20.8340,75-day time exit,41788.13,44573.24,2026-04-27 05:00:05.44213
40061,150d,SELL,4191,Mitsurugi Ritual,610922,10.82,165,19.0148,stop-loss -30%,44573.24,46072.49,2026-04-27 05:00:05.44325
40062,150d,SELL,4184,Gorgon of Zilofthonia,639387,15.07,200,24.5747,model sell p=1.00,46072.49,48627.13,2026-04-27 05:00:05.444246
40066,150d,BUY,4339,Vanquish Soul Jiaolong,520405,10.50,200,24.5185,,48627.13,46527.13,2026-04-27 05:02:04.829489
40068,150d,SELL,4022,"Tiras, Keeper of Genesis",48063,43.60,39,17.6505,75-day time exit,46527.13,47990.53,2026-04-27 05:09:38.216578
40072,150d,BUY,4344,"Elzette, Azamina of the White Forest",610814,19.97,141,22.9811,,47990.53,45175.26,2026-04-27 05:11:40.303722
40077,150d,BUY,4367,Shared Ride,79038,8.45,200,29.3110,,45175.26,43486.07,2026-04-27 05:13:38.754955
40033,30d,BUY,4184,Gorgon of Zilofthonia,639387,8.14,200,24.5747,,49730.93,48103.41,2026-04-27 04:38:29.950553
40037,30d,BUY,4220,Kewl Tune Cue,665452,8.74,200,21.0593,,48103.41,46355.41,2026-04-27 04:48:07.588696
40045,30d,BUY,4236,S:P Little Knight,520489,11.29,189,22.0323,,46355.41,44222.25,2026-04-27 04:50:11.713971
40049,30d,BUY,4299,Despian Luluwalilith,493891,16.34,193,21.7984,,44222.25,41068.63,2026-04-27 05:00:05.125601
40053,30d,SELL,4191,Mitsurugi Ritual,610922,10.90,165,19.0148,stop-loss -30% on 2026-02-24,41068.63,42579.33,2026-04-27 05:00:05.26868
40054,30d,SELL,4184,Gorgon of Zilofthonia,639387,15.07,200,24.5747,model sell p=1.00,42579.33,45133.98,2026-04-27 05:00:05.270206
40063,30d,BUY,4339,Vanquish Soul Jiaolong,520405,10.50,200,24.5185,,45133.98,43033.98,2026-04-27 05:02:04.740228
40069,30d,BUY,4344,"Elzette, Azamina of the White Forest",610814,19.97,141,22.9811,,43033.98,40218.71,2026-04-27 05:11:40.295403
40073,30d,SELL,4220,Kewl Tune Cue,665452,13.60,200,21.0593,model sell p=1.00 on 2026-03-13,40218.71,42518.31,2026-04-27 05:11:40.498871
40074,30d,BUY,4367,Shared Ride,79038,8.45,200,29.3110,,42518.31,40829.12,2026-04-27 05:13:38.747628
40078,30d,SELL,4236,S:P Little Knight,520489,14.48,189,22.0323,model sell p=1.00 on 2026-03-04,40829.12,43146.52,2026-04-27 05:21:41.041332
40079,30d,SELL,4339,Vanquish Soul Jiaolong,520405,5.39,200,24.5185,stop-loss -30%,43146.52,44021.69,2026-04-27 05:21:41.04308
40080,60d,SELL,4339,Vanquish Soul Jiaolong,520405,5.39,200,24.5185,stop-loss -30%,38929.17,39804.34,2026-04-27 05:21:41.101656
40081,90d,SELL,4339,Vanquish Soul Jiaolong,520405,5.39,200,24.5185,stop-loss -30%,40951.38,41826.55,2026-04-27 05:21:41.159883
40082,150d,SELL,4339,Vanquish Soul Jiaolong,520405,5.39,200,24.5185,stop-loss -30%,43486.07,44361.24,2026-04-27 05:21:41.212552
40083,30d,BUY,4400,"Spenta, the Magistus Sealer",674746,12.64,200,27.3592,,44021.69,41493.57,2026-04-27 05:23:36.666436
40084,60d,BUY,4400,"Spenta, the Magistus Sealer",674746,12.64,200,27.3592,,39804.34,37276.22,2026-04-27 05:23:36.669428
40085,90d,BUY,4400,"Spenta, the Magistus Sealer",674746,12.64,200,27.3592,,41826.55,39298.43,2026-04-27 05:23:36.671645
40086,150d,BUY,4400,"Spenta, the Magistus Sealer",674746,12.64,200,27.3592,,44361.24,41833.12,2026-04-27 05:23:36.673911
40087,30d,SELL,4344,"Elzette, Azamina of the White Forest",610814,28.16,141,22.9811,trailing sell @ $28.16 (peak $33.13),41493.57,44895.79,2026-04-27 05:23:36.829578
40088,60d,SELL,4344,"Elzette, Azamina of the White Forest",610814,28.16,141,22.9811,trailing sell @ $28.16 (peak $33.13),37276.22,40678.44,2026-04-27 05:23:36.886551
40089,90d,SELL,4344,"Elzette, Azamina of the White Forest",610814,28.16,141,22.9811,trailing sell @ $28.16 (peak $33.13),39298.43,42700.65,2026-04-27 05:23:36.940757
40090,150d,SELL,4344,"Elzette, Azamina of the White Forest",610814,28.16,141,22.9811,trailing sell @ $28.16 (peak $33.13),41833.12,45235.34,2026-04-27 05:23:36.989129
40091,30d,BUY,4423,Lunalight Gold Leo,639342,9.27,200,27.6584,,44895.79,43040.84,2026-04-27 05:25:30.704064
40092,60d,BUY,4423,Lunalight Gold Leo,639342,9.27,200,27.6584,,40678.44,38823.49,2026-04-27 05:25:30.707394
40093,90d,BUY,4423,Lunalight Gold Leo,639342,9.27,200,27.6584,,42700.65,40845.70,2026-04-27 05:25:30.709917
40094,150d,BUY,4423,Lunalight Gold Leo,639342,9.27,200,27.6584,,45235.34,43380.39,2026-04-27 05:25:30.71231
40095,30d,SELL,4299,Despian Luluwalilith,493891,14.81,193,21.7984,expiry,43040.84,45462.54,2026-04-27 05:33:46.359087
40096,60d,SELL,4220,Kewl Tune Cue,665452,17.62,200,21.0593,model sell p=1.00,38823.49,41820.56,2026-04-27 05:33:46.421724
40097,60d,SELL,4299,Despian Luluwalilith,493891,11.41,193,21.7984,stop-loss -30%,41820.56,43673.01,2026-04-27 05:33:46.423954
40098,90d,SELL,4220,Kewl Tune Cue,665452,17.62,200,21.0593,model sell p=1.00,40845.70,43842.77,2026-04-27 05:33:46.488516
40099,90d,SELL,4299,Despian Luluwalilith,493891,11.41,193,21.7984,stop-loss -30%,43842.77,45695.22,2026-04-27 05:33:46.490132
40100,150d,SELL,4220,Kewl Tune Cue,665452,17.62,200,21.0593,model sell p=1.00,43380.39,46377.46,2026-04-27 05:33:46.617369
40101,150d,SELL,4299,Despian Luluwalilith,493891,11.41,193,21.7984,stop-loss -30%,46377.46,48229.91,2026-04-27 05:33:46.619289
40102,30d,BUY,4459,"Crowley, the Gifted Magistus",635930,11.57,200,30.8528,,45462.54,43148.20,2026-04-27 05:35:41.070932
40103,60d,BUY,4459,"Crowley, the Gifted Magistus",635930,11.57,200,30.8528,,43673.01,41358.67,2026-04-27 05:35:41.07287
40104,90d,BUY,4459,"Crowley, the Gifted Magistus",635930,11.57,200,30.8528,,45695.22,43380.88,2026-04-27 05:35:41.074758
40105,150d,BUY,4459,"Crowley, the Gifted Magistus",635930,11.57,200,30.8528,,48229.91,45915.57,2026-04-27 05:35:41.076793
40106,30d,SELL,4367,Shared Ride,79038,4.79,200,29.3110,stop-loss -30% on 2026-04-13,43148.20,43919.27,2026-04-27 05:35:41.175541
40107,30d,SELL,4400,"Spenta, the Magistus Sealer",674746,25.51,200,27.3592,model sell p=1.00 on 2026-04-13,43919.27,48285.26,2026-04-27 05:35:41.176715
40108,60d,SELL,4236,S:P Little Knight,520489,14.48,189,22.0323,model sell p=1.00 on 2026-03-04,41358.67,43676.07,2026-04-27 05:35:41.251134
40109,60d,SELL,4400,"Spenta, the Magistus Sealer",674746,17.29,200,27.3592,model sell p=1.00,43676.07,46615.89,2026-04-27 05:35:41.252466
40110,90d,SELL,4236,S:P Little Knight,520489,6.61,189,22.0323,stop-loss -30%,43380.88,44407.94,2026-04-27 05:35:41.339545
40111,90d,SELL,4400,"Spenta, the Magistus Sealer",674746,17.29,200,27.3592,model sell p=1.00,44407.94,47347.76,2026-04-27 05:35:41.34075
40112,150d,SELL,4400,"Spenta, the Magistus Sealer",674746,17.29,200,27.3592,model sell p=1.00,45915.57,48855.39,2026-04-27 05:35:41.384019
